{
  "real": {
    "n_users": 5,
    "db_stats": {
      "n_total_users": 42,
      "n_total_places": 37191,
      "n_places_with_attrs": 292,
      "n_users_with_actions": 6
    },
    "LightGBM (đề xuất)": {
      "ndcg@5": 1.0,
      "hit@5": 1.0,
      "ndcg@10": 1.0,
      "hit@10": 1.0,
      "mrr": 1.0
    },
    "Popularity": {
      "ndcg@5": 0.6,
      "hit@5": 0.6,
      "ndcg@10": 0.6,
      "hit@10": 0.6,
      "mrr": 0.6266666666666667
    },
    "Random": {
      "ndcg@5": 0.0,
      "hit@5": 0.0,
      "ndcg@10": 0.05781296526357758,
      "hit@10": 0.2,
      "mrr": 0.07549384825700615
    }
  },
  "synthetic_cv": {
    "n_users": 500,
    "LightGBM (đề xuất)": {
      "ndcg@5": 0.9923567355642863,
      "hit@5": 1.0,
      "ndcg@10": 0.9923567355642863,
      "hit@10": 1.0,
      "mrr": 0.9896666666666666
    },
    "Popularity": {
      "ndcg@5": 0.15391828479284209,
      "hit@5": 0.264,
      "ndcg@10": 0.22414894611728164,
      "hit@10": 0.482,
      "mrr": 0.1817626672261347
    },
    "Random": {
      "ndcg@5": 0.16223584163292154,
      "hit@5": 0.266,
      "ndcg@10": 0.2318520004725823,
      "hit@10": 0.484,
      "mrr": 0.19118551036167136
    },
    "LightGBM (đề xuất)_ci": {
      "ndcg@5": [
        0.9874516116214296,
        0.9963092975357145
      ],
      "hit@5": [
        1.0,
        1.0
      ],
      "ndcg@10": [
        0.9874516116214296,
        0.9963092975357145
      ],
      "hit@10": [
        1.0,
        1.0
      ],
      "mrr": [
        0.983,
        0.995
      ]
    },
    "fold_ndcg5_mean": 0.9923567355642862,
    "fold_ndcg5_std": 0.0070470607881160064
  },
  "synthetic": {
    "n_users": 500,
    "LightGBM (đề xuất)": {
      "ndcg@5": 0.9923567355642863,
      "hit@5": 1.0,
      "ndcg@10": 0.9923567355642863,
      "hit@10": 1.0,
      "mrr": 0.9896666666666666
    },
    "Popularity": {
      "ndcg@5": 0.15391828479284209,
      "hit@5": 0.264,
      "ndcg@10": 0.22414894611728164,
      "hit@10": 0.482,
      "mrr": 0.1817626672261347
    },
    "Random": {
      "ndcg@5": 0.16223584163292154,
      "hit@5": 0.266,
      "ndcg@10": 0.2318520004725823,
      "hit@10": 0.484,
      "mrr": 0.19118551036167136
    },
    "LightGBM (đề xuất)_ci": {
      "ndcg@5": [
        0.9874516116214296,
        0.9963092975357145
      ],
      "hit@5": [
        1.0,
        1.0
      ],
      "ndcg@10": [
        0.9874516116214296,
        0.9963092975357145
      ],
      "hit@10": [
        1.0,
        1.0
      ],
      "mrr": [
        0.983,
        0.995
      ]
    },
    "fold_ndcg5_mean": 0.9923567355642862,
    "fold_ndcg5_std": 0.0070470607881160064
  },
  "ablation": {
    "Đầy đủ (4 đặc trưng)": {
      "ndcg@5": 0.9923567355642863,
      "hit@5": 1.0,
      "ndcg@10": 0.9923567355642863,
      "hit@10": 1.0,
      "mrr": 0.9896666666666666
    },
    "Không dealbreaker": {
      "ndcg@5": 0.9926185950714291,
      "hit@5": 1.0,
      "ndcg@10": 0.9926185950714291,
      "hit@10": 1.0,
      "mrr": 0.99
    },
    "Không overlap_count": {
      "ndcg@5": 0.9955711570428575,
      "hit@5": 1.0,
      "ndcg@10": 0.9955711570428575,
      "hit@10": 1.0,
      "mrr": 0.994
    },
    "Chỉ cosine_sim": {
      "ndcg@5": 0.9985237190142858,
      "hit@5": 1.0,
      "ndcg@10": 0.9985237190142858,
      "hit@10": 1.0,
      "mrr": 0.998
    }
  },
  "pool_sensitivity": {
    "10": {
      "LightGBM (đề xuất)": {
        "ndcg@5": 0.9963092975357145,
        "hit@5": 1.0,
        "ndcg@10": 0.9963092975357145,
        "hit@10": 1.0,
        "mrr": 0.995
      },
      "Popularity": {
        "ndcg@5": 0.3132581276875419,
        "hit@5": 0.53,
        "ndcg@10": 0.46255063565662313,
        "hit@10": 1.0,
        "mrr": 0.30419444444444443
      },
      "Random": {
        "ndcg@5": 0.3279979905349286,
        "hit@5": 0.5,
        "ndcg@10": 0.48782114072010024,
        "hit@10": 1.0,
        "mrr": 0.3360674603174603
      }
    },
    "20": {
      "LightGBM (đề xuất)": {
        "ndcg@5": 0.9852371901428583,
        "hit@5": 1.0,
        "ndcg@10": 0.9852371901428583,
        "hit@10": 1.0,
        "mrr": 0.98
      },
      "Popularity": {
        "ndcg@5": 0.14880942478250175,
        "hit@5": 0.24,
        "ndcg@10": 0.19957936268913648,
        "hit@10": 0.4,
        "mrr": 0.181079140372871
      },
      "Random": {
        "ndcg@5": 0.18188974036474426,
        "hit@5": 0.32,
        "ndcg@10": 0.24892856047132475,
        "hit@10": 0.53,
        "mrr": 0.19474062246662865
      }
    },
    "50": {
      "LightGBM (đề xuất)": {
        "ndcg@5": 0.9889278926071436,
        "hit@5": 1.0,
        "ndcg@10": 0.9889278926071436,
        "hit@10": 1.0,
        "mrr": 0.985
      },
      "Popularity": {
        "ndcg@5": 0.07010065430524243,
        "hit@5": 0.1,
        "ndcg@10": 0.09861927138381732,
        "hit@10": 0.19,
        "mrr": 0.10168620238470089
      },
      "Random": {
        "ndcg@5": 0.07319336166605324,
        "hit@5": 0.13,
        "ndcg@10": 0.10751863212550018,
        "hit@10": 0.24,
        "mrr": 0.09671471762045435
      }
    },
    "100": {
      "LightGBM (đề xuất)": {
        "ndcg@5": 0.943330165500004,
        "hit@5": 1.0,
        "ndcg@10": 0.943330165500004,
        "hit@10": 1.0,
        "mrr": 0.9233333333333333
      },
      "Popularity": {
        "ndcg@5": 0.03652841291421868,
        "hit@5": 0.07,
        "ndcg@10": 0.046314466381811116,
        "hit@10": 0.1,
        "mrr": 0.05110368159832923
      },
      "Random": {
        "ndcg@5": 0.031350587306158695,
        "hit@5": 0.06,
        "ndcg@10": 0.04341648425047448,
        "hit@10": 0.1,
        "mrr": 0.04600049692486599
      }
    }
  }
}