{
  "real": {
    "n_users": 5,
    "LightGBM (đề xuất)": {
      "ndcg@5": 1.0,
      "hit@5": 1.0,
      "ndcg@10": 1.0,
      "hit@10": 1.0,
      "mrr": 1.0
    },
    "Popularity": {
      "ndcg@5": 0.6,
      "hit@5": 0.6,
      "ndcg@10": 0.6,
      "hit@10": 0.6,
      "mrr": 0.6266666666666667
    },
    "Random": {
      "ndcg@5": 0.0,
      "hit@5": 0.0,
      "ndcg@10": 0.05781296526357758,
      "hit@10": 0.2,
      "mrr": 0.07549384825700615
    }
  },
  "synthetic": {
    "n_users": 13,
    "LightGBM (đề xuất)": {
      "ndcg@5": 0.7806701780290352,
      "hit@5": 1.0,
      "ndcg@10": 0.7806701780290352,
      "hit@10": 1.0,
      "mrr": 0.7076923076923076
    },
    "Popularity": {
      "ndcg@5": 0.04853305796703519,
      "hit@5": 0.07692307692307693,
      "ndcg@10": 0.12408163823260407,
      "hit@10": 0.3076923076923077,
      "mrr": 0.12064889444920404
    },
    "Random": {
      "ndcg@5": 0.21336197034377563,
      "hit@5": 0.38461538461538464,
      "ndcg@10": 0.28505118182342476,
      "hit@10": 0.6153846153846154,
      "mrr": 0.21279994515288633
    }
  }
}